,img,doctor,M1,M2,M3,M4,M5
0,708_HC.png,Doc_A,3,4,5,5,5
1,110_HC.png,Doc_A,1,2,2,3,3
2,089_HC.png,Doc_A,1,4,5,4,4
3,592_HC.png,Doc_A,3,5,4,4,4
4,380_HC.png,Doc_A,1,1,1,4,3
5,771_HC.png,Doc_A,3,4,4,5,5
6,519_HC.png,Doc_A,3,4,5,5,5
7,561_2HC.png,Doc_A,3,4,5,5,5
8,439_HC.png,Doc_A,5,4,4,5,5
9,493_HC.png,Doc_A,4,5,5,5,4
10,473_HC.png,Doc_A,3,5,5,4,5
11,510_HC.png,Doc_A,4,5,5,5,5
12,512_HC.png,Doc_A,3,5,5,5,5
13,193_2HC.png,Doc_A,1,2,4,5,4
14,001_HC.png,Doc_A,1,1,1,3,4
15,208_HC.png,Doc_A,3,4,5,5,4
16,178_HC.png,Doc_A,2,3,4,5,5
17,032_HC.png,Doc_A,1,2,3,4,4
18,026_2HC.png,Doc_A,1,1,1,4,4
19,160_HC.png,Doc_A,2,5,5,5,5
20,350_HC.png,Doc_A,4,5,5,5,4
21,712_2HC.png,Doc_A,3,4,5,5,4
22,058_HC.png,Doc_A,1,5,4,5,4
23,072_HC.png,Doc_A,4,4,5,5,5
24,719_HC.png,Doc_A,2,3,4,4,5
25,352_2HC.png,Doc_A,4,5,5,5,5
26,375_HC.png,Doc_A,4,4,5,5,5
27,057_HC.png,Doc_A,4,5,5,4,4
28,035_HC.png,Doc_A,1,5,5,5,5
29,357_HC.png,Doc_A,2,4,4,5,5
30,708_HC.png,Doc_B,4,5,5,5,5
31,110_HC.png,Doc_B,1,2,2,4,5
32,089_HC.png,Doc_B,1,5,5,5,5
33,592_HC.png,Doc_B,3,5,5,4,4
34,380_HC.png,Doc_B,2,2,2,4,4
35,771_HC.png,Doc_B,3,4,5,5,5
36,519_HC.png,Doc_B,3,5,5,5,5
37,561_2HC.png,Doc_B,3,5,5,5,5
38,439_HC.png,Doc_B,5,5,5,5,5
39,493_HC.png,Doc_B,4,5,5,4,5
40,473_HC.png,Doc_B,4,5,5,5,5
41,510_HC.png,Doc_B,3,4,5,5,5
42,512_HC.png,Doc_B,3,5,5,5,5
43,193_2HC.png,Doc_B,3,3,5,5,5
44,001_HC.png,Doc_B,3,2,2,5,5
45,208_HC.png,Doc_B,4,5,5,5,5
46,178_HC.png,Doc_B,3,5,5,5,5
47,032_HC.png,Doc_B,1,2,4,5,5
48,026_2HC.png,Doc_B,1,1,1,5,5
49,160_HC.png,Doc_B,2,5,5,5,5
50,350_HC.png,Doc_B,4,5,5,5,5
51,712_2HC.png,Doc_B,4,5,5,5,5
52,058_HC.png,Doc_B,1,5,5,5,5
53,072_HC.png,Doc_B,2,4,5,5,4
54,719_HC.png,Doc_B,3,5,5,5,5
55,352_2HC.png,Doc_B,3,5,5,5,5
56,375_HC.png,Doc_B,5,5,5,5,5
57,057_HC.png,Doc_B,5,4,4,3,3
58,035_HC.png,Doc_B,1,4,4,4,4
59,357_HC.png,Doc_B,3,5,5,5,5
60,708_HC.png,Doc_C,3,3,4,4,4
61,110_HC.png,Doc_C,1,1,1,2,2
62,089_HC.png,Doc_C,1,4,4,4,4
63,592_HC.png,Doc_C,3,4,4,4,4
64,380_HC.png,Doc_C,1,1,1,3,3
65,771_HC.png,Doc_C,3,4,4,4,4
66,519_HC.png,Doc_C,2,4,4,4,4
67,561_2HC.png,Doc_C,2,4,4,4,4
68,439_HC.png,Doc_C,5,4,4,4,4
69,493_HC.png,Doc_C,3,4,4,4,4
70,473_HC.png,Doc_C,3,3,3,3,3
71,510_HC.png,Doc_C,3,4,4,4,5
72,512_HC.png,Doc_C,3,4,4,4,4
73,193_2HC.png,Doc_C,1,1,4,4,4
74,001_HC.png,Doc_C,1,1,1,4,4
75,208_HC.png,Doc_C,1,4,4,4,4
76,178_HC.png,Doc_C,1,4,4,4,4
77,032_HC.png,Doc_C,1,2,2,3,3
78,026_2HC.png,Doc_C,1,1,1,4,4
79,160_HC.png,Doc_C,1,4,4,4,4
80,350_HC.png,Doc_C,4,4,4,4,4
81,712_2HC.png,Doc_C,2,3,4,3,4
82,058_HC.png,Doc_C,1,4,4,4,4
83,072_HC.png,Doc_C,3,4,4,4,4
84,719_HC.png,Doc_C,1,3,4,4,4
85,352_2HC.png,Doc_C,3,5,5,5,5
86,375_HC.png,Doc_C,4,4,4,4,4
87,057_HC.png,Doc_C,4,4,4,4,4
88,035_HC.png,Doc_C,1,4,4,4,3
89,357_HC.png,Doc_C,1,5,5,5,5
90,708_HC.png,Doc_D,4,4,4,5,5
91,110_HC.png,Doc_D,1,1,1,3,4
92,089_HC.png,Doc_D,1,4,5,5,5
93,592_HC.png,Doc_D,4,4,5,5,5
94,380_HC.png,Doc_D,1,1,1,3,4
95,771_HC.png,Doc_D,4,4,5,5,5
96,519_HC.png,Doc_D,4,5,4,4,5
97,561_2HC.png,Doc_D,3,5,5,5,5
98,439_HC.png,Doc_D,5,4,4,5,4
99,493_HC.png,Doc_D,5,5,5,5,5
100,473_HC.png,Doc_D,4,5,5,4,5
101,510_HC.png,Doc_D,4,5,5,5,5
102,512_HC.png,Doc_D,4,4,5,5,5
103,193_2HC.png,Doc_D,1,1,4,5,4
104,001_HC.png,Doc_D,1,1,1,3,3
105,208_HC.png,Doc_D,4,4,4,4,5
106,178_HC.png,Doc_D,1,4,4,4,5
107,032_HC.png,Doc_D,1,2,3,3,3
108,026_2HC.png,Doc_D,1,1,1,4,3
109,160_HC.png,Doc_D,1,5,4,4,4
110,350_HC.png,Doc_D,4,4,4,5,5
111,712_2HC.png,Doc_D,4,4,4,5,4
112,058_HC.png,Doc_D,1,4,4,5,5
113,072_HC.png,Doc_D,4,4,5,4,4
114,719_HC.png,Doc_D,2,4,4,4,5
115,352_2HC.png,Doc_D,4,5,5,5,5
116,375_HC.png,Doc_D,5,5,5,5,5
117,057_HC.png,Doc_D,4,5,5,4,4
118,035_HC.png,Doc_D,2,5,4,4,5
119,357_HC.png,Doc_D,3,4,5,5,5
120,708_HC.png,Doc_E,3,4,4,5,5
121,110_HC.png,Doc_E,1,2,3,5,5
122,089_HC.png,Doc_E,1,5,5,5,5
123,592_HC.png,Doc_E,2,3,4,3,3
124,380_HC.png,Doc_E,1,1,1,4,3
125,771_HC.png,Doc_E,3,4,5,5,5
126,519_HC.png,Doc_E,2,4,4,5,5
127,561_2HC.png,Doc_E,3,5,5,5,5
128,439_HC.png,Doc_E,3,4,5,5,5
129,493_HC.png,Doc_E,3,5,5,4,4
130,473_HC.png,Doc_E,3,4,5,5,5
131,510_HC.png,Doc_E,3,4,4,5,5
132,512_HC.png,Doc_E,2,5,5,5,5
133,193_2HC.png,Doc_E,1,2,5,5,3
134,001_HC.png,Doc_E,2,1,1,3,5
135,208_HC.png,Doc_E,1,3,4,5,5
136,178_HC.png,Doc_E,1,4,5,5,5
137,032_HC.png,Doc_E,1,3,4,5,5
138,026_2HC.png,Doc_E,2,3,1,5,4
139,160_HC.png,Doc_E,1,5,5,5,5
140,350_HC.png,Doc_E,4,5,5,5,4
141,712_2HC.png,Doc_E,2,4,5,4,5
142,058_HC.png,Doc_E,1,5,5,5,2
143,072_HC.png,Doc_E,1,5,5,5,5
144,719_HC.png,Doc_E,3,4,5,5,4
145,352_2HC.png,Doc_E,2,4,4,3,3
146,375_HC.png,Doc_E,4,5,5,5,5
147,057_HC.png,Doc_E,3,5,4,1,1
148,035_HC.png,Doc_E,1,4,5,2,4
149,357_HC.png,Doc_E,1,4,5,5,5
150,708_HC.png,Doc_F,4,5,5,5,5
151,110_HC.png,Doc_F,1,2,3,5,4
152,089_HC.png,Doc_F,1,4,5,4,5
153,592_HC.png,Doc_F,4,5,5,5,5
154,380_HC.png,Doc_F,3,3,3,5,4
155,771_HC.png,Doc_F,4,5,5,5,5
156,519_HC.png,Doc_F,3,5,4,5,5
157,561_2HC.png,Doc_F,4,4,5,5,5
158,439_HC.png,Doc_F,5,4,4,5,5
159,493_HC.png,Doc_F,3,5,5,5,4
160,473_HC.png,Doc_F,4,5,5,4,5
161,510_HC.png,Doc_F,4,5,5,5,5
162,512_HC.png,Doc_F,4,5,5,5,5
163,193_2HC.png,Doc_F,2,2,5,4,5
164,208_HC.png,Doc_F,3,4,5,4,4
165,001_HC.png,Doc_F,1,1,1,4,4
166,178_HC.png,Doc_F,3,4,4,5,5
167,160_HC.png,Doc_F,3,5,5,5,5
168,350_HC.png,Doc_F,4,5,5,5,5
169,712_2HC.png,Doc_F,4,4,5,5,5
170,058_HC.png,Doc_F,3,5,5,5,5
171,072_HC.png,Doc_F,4,5,5,5,5
172,719_HC.png,Doc_F,4,5,5,5,5
173,352_2HC.png,Doc_F,4,5,5,5,5
174,375_HC.png,Doc_F,4,4,4,5,5
175,057_HC.png,Doc_F,5,5,5,4,4
176,035_HC.png,Doc_F,3,4,4,5,4
177,357_HC.png,Doc_F,3,5,5,5,5
178,026_2HC.png,Doc_F,2,2,1,5,4
179,032_HC.png,Doc_F,2,3,3,4,5
180,708_HC.png,AI,1,2,3,4,5
181,110_HC.png,AI,1,2,3,4,5
182,089_HC.png,AI,1,2,3,4,5
183,592_HC.png,AI,1,2,3,4,5
184,380_HC.png,AI,1,2,3,4,5
185,771_HC.png,AI,1,2,3,4,5
186,519_HC.png,AI,1,2,3,4,5
187,561_2HC.png,AI,1,2,3,4,5
188,439_HC.png,AI,1,2,3,4,5
189,493_HC.png,AI,1,2,3,4,5
190,473_HC.png,AI,1,2,3,4,5
191,510_HC.png,AI,1,2,3,4,5
192,512_HC.png,AI,1,2,3,4,5
193,193_2HC.png,AI,1,2,3,4,5
194,001_HC.png,AI,1,2,3,4,5
195,208_HC.png,AI,1,2,3,4,5
196,178_HC.png,AI,1,2,3,4,5
197,032_HC.png,AI,1,2,3,4,5
198,026_2HC.png,AI,1,2,3,4,5
199,160_HC.png,AI,1,2,3,4,5
200,350_HC.png,AI,1,2,3,4,5
201,712_2HC.png,AI,1,2,3,4,5
202,058_HC.png,AI,1,2,3,4,5
203,072_HC.png,AI,1,2,3,4,5
204,719_HC.png,AI,1,2,3,4,5
205,352_2HC.png,AI,1,2,3,4,5
206,375_HC.png,AI,1,2,3,4,5
207,057_HC.png,AI,1,2,3,4,5
208,035_HC.png,AI,1,2,3,4,5
209,357_HC.png,AI,1,2,3,4,5
