Unnamed: 0,img,doctor,M1,M2,M3,M4,M5,experience,spearman,spearman_p,is_constant_rating,top_models
0,708_HC.png,Doc_A,3,4,5,5,5,senior,0.8944271909999159,0.040519326353834,False,"['M3', 'M4', 'M5']"
1,110_HC.png,Doc_A,1,2,2,3,3,senior,0.9486832980505137,0.013846832988859107,False,"['M4', 'M5']"
2,089_HC.png,Doc_A,1,4,5,4,4,senior,0.4472135954999579,0.45018485575210093,False,['M3']
3,592_HC.png,Doc_A,3,5,4,4,4,senior,0.22360679774997896,0.7176856442107861,False,['M2']
4,380_HC.png,Doc_A,1,1,1,4,3,senior,0.7826237921249264,0.11761376087345808,False,['M4']
5,771_HC.png,Doc_A,3,4,4,5,5,senior,0.9486832980505137,0.013846832988859107,False,"['M4', 'M5']"
6,519_HC.png,Doc_A,3,4,5,5,5,senior,0.8944271909999159,0.040519326353834,False,"['M3', 'M4', 'M5']"
7,561_2HC.png,Doc_A,3,4,5,5,5,senior,0.8944271909999159,0.040519326353834,False,"['M3', 'M4', 'M5']"
8,439_HC.png,Doc_A,5,4,4,5,5,senior,0.28867513459481287,0.6376180914006018,False,"['M1', 'M4', 'M5']"
9,493_HC.png,Doc_A,4,5,5,5,4,senior,0.0,1.0,False,"['M2', 'M3', 'M4']"
10,473_HC.png,Doc_A,3,5,5,4,5,senior,0.4472135954999579,0.45018485575210093,False,"['M2', 'M3', 'M5']"
11,510_HC.png,Doc_A,4,5,5,5,5,senior,0.7071067811865475,0.18169011381620928,False,"['M2', 'M3', 'M4', 'M5']"
12,512_HC.png,Doc_A,3,5,5,5,5,senior,0.7071067811865475,0.18169011381620928,False,"['M2', 'M3', 'M4', 'M5']"
13,193_2HC.png,Doc_A,1,2,4,5,4,senior,0.8207826816681234,0.08858700531354378,False,['M4']
14,001_HC.png,Doc_A,1,1,1,3,4,senior,0.8944271909999159,0.040519326353834,False,['M5']
15,208_HC.png,Doc_A,3,4,5,5,4,senior,0.5270462766947298,0.3614548502018728,False,"['M3', 'M4']"
16,178_HC.png,Doc_A,2,3,4,5,5,senior,0.9746794344808963,0.004818230468198566,False,"['M4', 'M5']"
17,032_HC.png,Doc_A,1,2,3,4,4,senior,0.9746794344808963,0.004818230468198566,False,"['M4', 'M5']"
18,026_2HC.png,Doc_A,1,1,1,4,4,senior,0.8660254037844386,0.05766888562243733,False,"['M4', 'M5']"
19,160_HC.png,Doc_A,2,5,5,5,5,senior,0.7071067811865475,0.18169011381620928,False,"['M2', 'M3', 'M4', 'M5']"
20,350_HC.png,Doc_A,4,5,5,5,4,senior,0.0,1.0,False,"['M2', 'M3', 'M4']"
21,712_2HC.png,Doc_A,3,4,5,5,4,senior,0.5270462766947298,0.3614548502018728,False,"['M3', 'M4']"
22,058_HC.png,Doc_A,1,5,4,5,4,senior,0.31622776601683794,0.604181303590592,False,"['M2', 'M4']"
23,072_HC.png,Doc_A,4,4,5,5,5,senior,0.8660254037844386,0.05766888562243733,False,"['M3', 'M4', 'M5']"
24,719_HC.png,Doc_A,2,3,4,4,5,senior,0.9746794344808963,0.004818230468198566,False,['M5']
25,352_2HC.png,Doc_A,4,5,5,5,5,senior,0.7071067811865475,0.18169011381620928,False,"['M2', 'M3', 'M4', 'M5']"
26,375_HC.png,Doc_A,4,4,5,5,5,senior,0.8660254037844386,0.05766888562243733,False,"['M3', 'M4', 'M5']"
27,057_HC.png,Doc_A,4,5,5,4,4,senior,-0.28867513459481287,0.6376180914006018,False,"['M2', 'M3']"
28,035_HC.png,Doc_A,1,5,5,5,5,senior,0.7071067811865475,0.18169011381620928,False,"['M2', 'M3', 'M4', 'M5']"
29,357_HC.png,Doc_A,2,4,4,5,5,senior,0.9486832980505137,0.013846832988859107,False,"['M4', 'M5']"
30,708_HC.png,Doc_B,4,5,5,5,5,senior,0.7071067811865475,0.18169011381620928,False,"['M2', 'M3', 'M4', 'M5']"
31,110_HC.png,Doc_B,1,2,2,4,5,senior,0.9746794344808963,0.004818230468198566,False,['M5']
32,089_HC.png,Doc_B,1,5,5,5,5,senior,0.7071067811865475,0.18169011381620928,False,"['M2', 'M3', 'M4', 'M5']"
33,592_HC.png,Doc_B,3,5,5,4,4,senior,0.10540925533894598,0.8660377229253148,False,"['M2', 'M3']"
34,380_HC.png,Doc_B,2,2,2,4,4,senior,0.8660254037844386,0.05766888562243733,False,"['M4', 'M5']"
35,771_HC.png,Doc_B,3,4,5,5,5,senior,0.8944271909999159,0.040519326353834,False,"['M3', 'M4', 'M5']"
36,519_HC.png,Doc_B,3,5,5,5,5,senior,0.7071067811865475,0.18169011381620928,False,"['M2', 'M3', 'M4', 'M5']"
37,561_2HC.png,Doc_B,3,5,5,5,5,senior,0.7071067811865475,0.18169011381620928,False,"['M2', 'M3', 'M4', 'M5']"
38,439_HC.png,Doc_B,5,5,5,5,5,senior,,,True,"['M1', 'M2', 'M3', 'M4', 'M5']"
39,493_HC.png,Doc_B,4,5,5,4,5,senior,0.28867513459481287,0.6376180914006018,False,"['M2', 'M3', 'M5']"
40,473_HC.png,Doc_B,4,5,5,5,5,senior,0.7071067811865475,0.18169011381620928,False,"['M2', 'M3', 'M4', 'M5']"
41,510_HC.png,Doc_B,3,4,5,5,5,senior,0.8944271909999159,0.040519326353834,False,"['M3', 'M4', 'M5']"
42,512_HC.png,Doc_B,3,5,5,5,5,senior,0.7071067811865475,0.18169011381620928,False,"['M2', 'M3', 'M4', 'M5']"
43,193_2HC.png,Doc_B,3,3,5,5,5,senior,0.8660254037844386,0.05766888562243733,False,"['M3', 'M4', 'M5']"
44,001_HC.png,Doc_B,3,2,2,5,5,senior,0.6324555320336759,0.2522154963555042,False,"['M4', 'M5']"
45,208_HC.png,Doc_B,4,5,5,5,5,senior,0.7071067811865475,0.18169011381620928,False,"['M2', 'M3', 'M4', 'M5']"
46,178_HC.png,Doc_B,3,5,5,5,5,senior,0.7071067811865475,0.18169011381620928,False,"['M2', 'M3', 'M4', 'M5']"
47,032_HC.png,Doc_B,1,2,4,5,5,senior,0.9746794344808963,0.004818230468198566,False,"['M4', 'M5']"
48,026_2HC.png,Doc_B,1,1,1,5,5,senior,0.8660254037844386,0.05766888562243733,False,"['M4', 'M5']"
49,160_HC.png,Doc_B,2,5,5,5,5,senior,0.7071067811865475,0.18169011381620928,False,"['M2', 'M3', 'M4', 'M5']"
50,350_HC.png,Doc_B,4,5,5,5,5,senior,0.7071067811865475,0.18169011381620928,False,"['M2', 'M3', 'M4', 'M5']"
51,712_2HC.png,Doc_B,4,5,5,5,5,senior,0.7071067811865475,0.18169011381620928,False,"['M2', 'M3', 'M4', 'M5']"
52,058_HC.png,Doc_B,1,5,5,5,5,senior,0.7071067811865475,0.18169011381620928,False,"['M2', 'M3', 'M4', 'M5']"
53,072_HC.png,Doc_B,2,4,5,5,4,senior,0.5270462766947298,0.3614548502018728,False,"['M3', 'M4']"
54,719_HC.png,Doc_B,3,5,5,5,5,senior,0.7071067811865475,0.18169011381620928,False,"['M2', 'M3', 'M4', 'M5']"
55,352_2HC.png,Doc_B,3,5,5,5,5,senior,0.7071067811865475,0.18169011381620928,False,"['M2', 'M3', 'M4', 'M5']"
56,375_HC.png,Doc_B,5,5,5,5,5,senior,,,True,"['M1', 'M2', 'M3', 'M4', 'M5']"
57,057_HC.png,Doc_B,5,4,4,3,3,senior,-0.9486832980505137,0.013846832988859107,False,['M1']
58,035_HC.png,Doc_B,1,4,4,4,4,senior,0.7071067811865475,0.18169011381620928,False,"['M2', 'M3', 'M4', 'M5']"
59,357_HC.png,Doc_B,3,5,5,5,5,senior,0.7071067811865475,0.18169011381620928,False,"['M2', 'M3', 'M4', 'M5']"
60,708_HC.png,Doc_C,3,3,4,4,4,junior,0.8660254037844386,0.05766888562243733,False,"['M3', 'M4', 'M5']"
61,110_HC.png,Doc_C,1,1,1,2,2,junior,0.8660254037844386,0.05766888562243733,False,"['M4', 'M5']"
62,089_HC.png,Doc_C,1,4,4,4,4,junior,0.7071067811865475,0.18169011381620928,False,"['M2', 'M3', 'M4', 'M5']"
63,592_HC.png,Doc_C,3,4,4,4,4,junior,0.7071067811865475,0.18169011381620928,False,"['M2', 'M3', 'M4', 'M5']"
64,380_HC.png,Doc_C,1,1,1,3,3,junior,0.8660254037844386,0.05766888562243733,False,"['M4', 'M5']"
65,771_HC.png,Doc_C,3,4,4,4,4,junior,0.7071067811865475,0.18169011381620928,False,"['M2', 'M3', 'M4', 'M5']"
66,519_HC.png,Doc_C,2,4,4,4,4,junior,0.7071067811865475,0.18169011381620928,False,"['M2', 'M3', 'M4', 'M5']"
67,561_2HC.png,Doc_C,2,4,4,4,4,junior,0.7071067811865475,0.18169011381620928,False,"['M2', 'M3', 'M4', 'M5']"
68,439_HC.png,Doc_C,5,4,4,4,4,junior,-0.7071067811865475,0.18169011381620928,False,['M1']
69,493_HC.png,Doc_C,3,4,4,4,4,junior,0.7071067811865475,0.18169011381620928,False,"['M2', 'M3', 'M4', 'M5']"
70,473_HC.png,Doc_C,3,3,3,3,3,junior,,,True,"['M1', 'M2', 'M3', 'M4', 'M5']"
71,510_HC.png,Doc_C,3,4,4,4,5,junior,0.8944271909999159,0.040519326353834,False,['M5']
72,512_HC.png,Doc_C,3,4,4,4,4,junior,0.7071067811865475,0.18169011381620928,False,"['M2', 'M3', 'M4', 'M5']"
73,193_2HC.png,Doc_C,1,1,4,4,4,junior,0.8660254037844386,0.05766888562243733,False,"['M3', 'M4', 'M5']"
74,001_HC.png,Doc_C,1,1,1,4,4,junior,0.8660254037844386,0.05766888562243733,False,"['M4', 'M5']"
75,208_HC.png,Doc_C,1,4,4,4,4,junior,0.7071067811865475,0.18169011381620928,False,"['M2', 'M3', 'M4', 'M5']"
76,178_HC.png,Doc_C,1,4,4,4,4,junior,0.7071067811865475,0.18169011381620928,False,"['M2', 'M3', 'M4', 'M5']"
77,032_HC.png,Doc_C,1,2,2,3,3,junior,0.9486832980505137,0.013846832988859107,False,"['M4', 'M5']"
78,026_2HC.png,Doc_C,1,1,1,4,4,junior,0.8660254037844386,0.05766888562243733,False,"['M4', 'M5']"
79,160_HC.png,Doc_C,1,4,4,4,4,junior,0.7071067811865475,0.18169011381620928,False,"['M2', 'M3', 'M4', 'M5']"
80,350_HC.png,Doc_C,4,4,4,4,4,junior,,,True,"['M1', 'M2', 'M3', 'M4', 'M5']"
81,712_2HC.png,Doc_C,2,3,4,3,4,junior,0.7378647873726218,0.15461852312844906,False,"['M3', 'M5']"
82,058_HC.png,Doc_C,1,4,4,4,4,junior,0.7071067811865475,0.18169011381620928,False,"['M2', 'M3', 'M4', 'M5']"
83,072_HC.png,Doc_C,3,4,4,4,4,junior,0.7071067811865475,0.18169011381620928,False,"['M2', 'M3', 'M4', 'M5']"
84,719_HC.png,Doc_C,1,3,4,4,4,junior,0.8944271909999159,0.040519326353834,False,"['M3', 'M4', 'M5']"
85,352_2HC.png,Doc_C,3,5,5,5,5,junior,0.7071067811865475,0.18169011381620928,False,"['M2', 'M3', 'M4', 'M5']"
86,375_HC.png,Doc_C,4,4,4,4,4,junior,,,True,"['M1', 'M2', 'M3', 'M4', 'M5']"
87,057_HC.png,Doc_C,4,4,4,4,4,junior,,,True,"['M1', 'M2', 'M3', 'M4', 'M5']"
88,035_HC.png,Doc_C,1,4,4,4,3,junior,0.22360679774997896,0.7176856442107861,False,"['M2', 'M3', 'M4']"
89,357_HC.png,Doc_C,1,5,5,5,5,junior,0.7071067811865475,0.18169011381620928,False,"['M2', 'M3', 'M4', 'M5']"
90,708_HC.png,Doc_D,4,4,4,5,5,junior,0.8660254037844386,0.05766888562243733,False,"['M4', 'M5']"
91,110_HC.png,Doc_D,1,1,1,3,4,junior,0.8944271909999159,0.040519326353834,False,['M5']
92,089_HC.png,Doc_D,1,4,5,5,5,junior,0.8944271909999159,0.040519326353834,False,"['M3', 'M4', 'M5']"
93,592_HC.png,Doc_D,4,4,5,5,5,junior,0.8660254037844386,0.05766888562243733,False,"['M3', 'M4', 'M5']"
94,380_HC.png,Doc_D,1,1,1,3,4,junior,0.8944271909999159,0.040519326353834,False,['M5']
95,771_HC.png,Doc_D,4,4,5,5,5,junior,0.8660254037844386,0.05766888562243733,False,"['M3', 'M4', 'M5']"
96,519_HC.png,Doc_D,4,5,4,4,5,junior,0.28867513459481287,0.6376180914006018,False,"['M2', 'M5']"
97,561_2HC.png,Doc_D,3,5,5,5,5,junior,0.7071067811865475,0.18169011381620928,False,"['M2', 'M3', 'M4', 'M5']"
98,439_HC.png,Doc_D,5,4,4,5,4,junior,-0.28867513459481287,0.6376180914006018,False,"['M1', 'M4']"
99,493_HC.png,Doc_D,5,5,5,5,5,junior,,,True,"['M1', 'M2', 'M3', 'M4', 'M5']"
100,473_HC.png,Doc_D,4,5,5,4,5,junior,0.28867513459481287,0.6376180914006018,False,"['M2', 'M3', 'M5']"
101,510_HC.png,Doc_D,4,5,5,5,5,junior,0.7071067811865475,0.18169011381620928,False,"['M2', 'M3', 'M4', 'M5']"
102,512_HC.png,Doc_D,4,4,5,5,5,junior,0.8660254037844386,0.05766888562243733,False,"['M3', 'M4', 'M5']"
103,193_2HC.png,Doc_D,1,1,4,5,4,junior,0.7905694150420949,0.11136715471408382,False,['M4']
104,001_HC.png,Doc_D,1,1,1,3,3,junior,0.8660254037844386,0.05766888562243733,False,"['M4', 'M5']"
105,208_HC.png,Doc_D,4,4,4,4,5,junior,0.7071067811865475,0.18169011381620928,False,['M5']
106,178_HC.png,Doc_D,1,4,4,4,5,junior,0.8944271909999159,0.040519326353834,False,['M5']
107,032_HC.png,Doc_D,1,2,3,3,3,junior,0.8944271909999159,0.040519326353834,False,"['M3', 'M4', 'M5']"
108,026_2HC.png,Doc_D,1,1,1,4,3,junior,0.7826237921249264,0.11761376087345808,False,['M4']
109,160_HC.png,Doc_D,1,5,4,4,4,junior,0.22360679774997896,0.7176856442107861,False,['M2']
110,350_HC.png,Doc_D,4,4,4,5,5,junior,0.8660254037844386,0.05766888562243733,False,"['M4', 'M5']"
111,712_2HC.png,Doc_D,4,4,4,5,4,junior,0.35355339059327373,0.5594043441634877,False,['M4']
112,058_HC.png,Doc_D,1,4,4,5,5,junior,0.9486832980505137,0.013846832988859107,False,"['M4', 'M5']"
113,072_HC.png,Doc_D,4,4,5,4,4,junior,0.0,1.0,False,['M3']
114,719_HC.png,Doc_D,2,4,4,4,5,junior,0.8944271909999159,0.040519326353834,False,['M5']
115,352_2HC.png,Doc_D,4,5,5,5,5,junior,0.7071067811865475,0.18169011381620928,False,"['M2', 'M3', 'M4', 'M5']"
116,375_HC.png,Doc_D,5,5,5,5,5,junior,,,True,"['M1', 'M2', 'M3', 'M4', 'M5']"
117,057_HC.png,Doc_D,4,5,5,4,4,junior,-0.28867513459481287,0.6376180914006018,False,"['M2', 'M3']"
118,035_HC.png,Doc_D,2,5,4,4,5,junior,0.5270462766947298,0.3614548502018728,False,"['M2', 'M5']"
119,357_HC.png,Doc_D,3,4,5,5,5,junior,0.8944271909999159,0.040519326353834,False,"['M3', 'M4', 'M5']"
120,708_HC.png,Doc_E,3,4,4,5,5,non-expert,0.9486832980505137,0.013846832988859107,False,"['M4', 'M5']"
121,110_HC.png,Doc_E,1,2,3,5,5,non-expert,0.9746794344808963,0.004818230468198566,False,"['M4', 'M5']"
122,089_HC.png,Doc_E,1,5,5,5,5,non-expert,0.7071067811865475,0.18169011381620928,False,"['M2', 'M3', 'M4', 'M5']"
123,592_HC.png,Doc_E,2,3,4,3,3,non-expert,0.4472135954999579,0.45018485575210093,False,['M3']
124,380_HC.png,Doc_E,1,1,1,4,3,non-expert,0.7826237921249264,0.11761376087345808,False,['M4']
125,771_HC.png,Doc_E,3,4,5,5,5,non-expert,0.8944271909999159,0.040519326353834,False,"['M3', 'M4', 'M5']"
126,519_HC.png,Doc_E,2,4,4,5,5,non-expert,0.9486832980505137,0.013846832988859107,False,"['M4', 'M5']"
127,561_2HC.png,Doc_E,3,5,5,5,5,non-expert,0.7071067811865475,0.18169011381620928,False,"['M2', 'M3', 'M4', 'M5']"
128,439_HC.png,Doc_E,3,4,5,5,5,non-expert,0.8944271909999159,0.040519326353834,False,"['M3', 'M4', 'M5']"
129,493_HC.png,Doc_E,3,5,5,4,4,non-expert,0.10540925533894598,0.8660377229253148,False,"['M2', 'M3']"
130,473_HC.png,Doc_E,3,4,5,5,5,non-expert,0.8944271909999159,0.040519326353834,False,"['M3', 'M4', 'M5']"
131,510_HC.png,Doc_E,3,4,4,5,5,non-expert,0.9486832980505137,0.013846832988859107,False,"['M4', 'M5']"
132,512_HC.png,Doc_E,2,5,5,5,5,non-expert,0.7071067811865475,0.18169011381620928,False,"['M2', 'M3', 'M4', 'M5']"
133,193_2HC.png,Doc_E,1,2,5,5,3,non-expert,0.6668859288553503,0.21889398131323154,False,"['M3', 'M4']"
134,001_HC.png,Doc_E,2,1,1,3,5,non-expert,0.6668859288553503,0.21889398131323154,False,['M5']
135,208_HC.png,Doc_E,1,3,4,5,5,non-expert,0.9746794344808963,0.004818230468198566,False,"['M4', 'M5']"
136,178_HC.png,Doc_E,1,4,5,5,5,non-expert,0.8944271909999159,0.040519326353834,False,"['M3', 'M4', 'M5']"
137,032_HC.png,Doc_E,1,3,4,5,5,non-expert,0.9746794344808963,0.004818230468198566,False,"['M4', 'M5']"
138,026_2HC.png,Doc_E,2,3,1,5,4,non-expert,0.6,0.28475697986529375,False,['M4']
139,160_HC.png,Doc_E,1,5,5,5,5,non-expert,0.7071067811865475,0.18169011381620928,False,"['M2', 'M3', 'M4', 'M5']"
140,350_HC.png,Doc_E,4,5,5,5,4,non-expert,0.0,1.0,False,"['M2', 'M3', 'M4']"
141,712_2HC.png,Doc_E,2,4,5,4,5,non-expert,0.7378647873726218,0.15461852312844906,False,"['M3', 'M5']"
142,058_HC.png,Doc_E,1,5,5,5,2,non-expert,0.22360679774997896,0.7176856442107861,False,"['M2', 'M3', 'M4']"
143,072_HC.png,Doc_E,1,5,5,5,5,non-expert,0.7071067811865475,0.18169011381620928,False,"['M2', 'M3', 'M4', 'M5']"
144,719_HC.png,Doc_E,3,4,5,5,4,non-expert,0.5270462766947298,0.3614548502018728,False,"['M3', 'M4']"
145,352_2HC.png,Doc_E,2,4,4,3,3,non-expert,0.10540925533894598,0.8660377229253148,False,"['M2', 'M3']"
146,375_HC.png,Doc_E,4,5,5,5,5,non-expert,0.7071067811865475,0.18169011381620928,False,"['M2', 'M3', 'M4', 'M5']"
147,057_HC.png,Doc_E,3,5,4,1,1,non-expert,-0.6668859288553503,0.21889398131323154,False,['M2']
148,035_HC.png,Doc_E,1,4,5,2,4,non-expert,0.35909242322980395,0.5528147466433505,False,['M3']
149,357_HC.png,Doc_E,1,4,5,5,5,non-expert,0.8944271909999159,0.040519326353834,False,"['M3', 'M4', 'M5']"
150,708_HC.png,Doc_F,4,5,5,5,5,non-expert,0.7071067811865475,0.18169011381620928,False,"['M2', 'M3', 'M4', 'M5']"
151,110_HC.png,Doc_F,1,2,3,5,4,non-expert,0.8999999999999998,0.03738607346849874,False,['M4']
152,089_HC.png,Doc_F,1,4,5,4,5,non-expert,0.7378647873726218,0.15461852312844906,False,"['M3', 'M5']"
153,592_HC.png,Doc_F,4,5,5,5,5,non-expert,0.7071067811865475,0.18169011381620928,False,"['M2', 'M3', 'M4', 'M5']"
154,380_HC.png,Doc_F,3,3,3,5,4,non-expert,0.7826237921249264,0.11761376087345808,False,['M4']
155,771_HC.png,Doc_F,4,5,5,5,5,non-expert,0.7071067811865475,0.18169011381620928,False,"['M2', 'M3', 'M4', 'M5']"
156,519_HC.png,Doc_F,3,5,4,5,5,non-expert,0.6708203932499368,0.21516994256955005,False,"['M2', 'M4', 'M5']"
157,561_2HC.png,Doc_F,4,4,5,5,5,non-expert,0.8660254037844386,0.05766888562243733,False,"['M3', 'M4', 'M5']"
158,439_HC.png,Doc_F,5,4,4,5,5,non-expert,0.28867513459481287,0.6376180914006018,False,"['M1', 'M4', 'M5']"
159,493_HC.png,Doc_F,3,5,5,5,4,non-expert,0.22360679774997896,0.7176856442107861,False,"['M2', 'M3', 'M4']"
160,473_HC.png,Doc_F,4,5,5,4,5,non-expert,0.28867513459481287,0.6376180914006018,False,"['M2', 'M3', 'M5']"
161,510_HC.png,Doc_F,4,5,5,5,5,non-expert,0.7071067811865475,0.18169011381620928,False,"['M2', 'M3', 'M4', 'M5']"
162,512_HC.png,Doc_F,4,5,5,5,5,non-expert,0.7071067811865475,0.18169011381620928,False,"['M2', 'M3', 'M4', 'M5']"
163,193_2HC.png,Doc_F,2,2,5,4,5,non-expert,0.7905694150420949,0.11136715471408382,False,"['M3', 'M5']"
164,208_HC.png,Doc_F,3,4,5,4,4,non-expert,0.4472135954999579,0.45018485575210093,False,['M3']
165,001_HC.png,Doc_F,1,1,1,4,4,non-expert,0.8660254037844386,0.05766888562243733,False,"['M4', 'M5']"
166,178_HC.png,Doc_F,3,4,4,5,5,non-expert,0.9486832980505137,0.013846832988859107,False,"['M4', 'M5']"
167,160_HC.png,Doc_F,3,5,5,5,5,non-expert,0.7071067811865475,0.18169011381620928,False,"['M2', 'M3', 'M4', 'M5']"
168,350_HC.png,Doc_F,4,5,5,5,5,non-expert,0.7071067811865475,0.18169011381620928,False,"['M2', 'M3', 'M4', 'M5']"
169,712_2HC.png,Doc_F,4,4,5,5,5,non-expert,0.8660254037844386,0.05766888562243733,False,"['M3', 'M4', 'M5']"
170,058_HC.png,Doc_F,3,5,5,5,5,non-expert,0.7071067811865475,0.18169011381620928,False,"['M2', 'M3', 'M4', 'M5']"
171,072_HC.png,Doc_F,4,5,5,5,5,non-expert,0.7071067811865475,0.18169011381620928,False,"['M2', 'M3', 'M4', 'M5']"
172,719_HC.png,Doc_F,4,5,5,5,5,non-expert,0.7071067811865475,0.18169011381620928,False,"['M2', 'M3', 'M4', 'M5']"
173,352_2HC.png,Doc_F,4,5,5,5,5,non-expert,0.7071067811865475,0.18169011381620928,False,"['M2', 'M3', 'M4', 'M5']"
174,375_HC.png,Doc_F,4,4,4,5,5,non-expert,0.8660254037844386,0.05766888562243733,False,"['M4', 'M5']"
175,057_HC.png,Doc_F,5,5,5,4,4,non-expert,-0.8660254037844386,0.05766888562243733,False,"['M1', 'M2', 'M3']"
176,035_HC.png,Doc_F,3,4,4,5,4,non-expert,0.6708203932499368,0.21516994256955005,False,['M4']
177,357_HC.png,Doc_F,3,5,5,5,5,non-expert,0.7071067811865475,0.18169011381620928,False,"['M2', 'M3', 'M4', 'M5']"
178,026_2HC.png,Doc_F,2,2,1,5,4,non-expert,0.5642880936468347,0.32172333582430024,False,['M4']
179,032_HC.png,Doc_F,2,3,3,4,5,non-expert,0.9746794344808963,0.004818230468198566,False,['M5']
180,708_HC.png,AI,1,2,3,4,5,,0.9999999999999999,1.4042654220543672e-24,False,['M5']
181,110_HC.png,AI,1,2,3,4,5,,0.9999999999999999,1.4042654220543672e-24,False,['M5']
182,089_HC.png,AI,1,2,3,4,5,,0.9999999999999999,1.4042654220543672e-24,False,['M5']
183,592_HC.png,AI,1,2,3,4,5,,0.9999999999999999,1.4042654220543672e-24,False,['M5']
184,380_HC.png,AI,1,2,3,4,5,,0.9999999999999999,1.4042654220543672e-24,False,['M5']
185,771_HC.png,AI,1,2,3,4,5,,0.9999999999999999,1.4042654220543672e-24,False,['M5']
186,519_HC.png,AI,1,2,3,4,5,,0.9999999999999999,1.4042654220543672e-24,False,['M5']
187,561_2HC.png,AI,1,2,3,4,5,,0.9999999999999999,1.4042654220543672e-24,False,['M5']
188,439_HC.png,AI,1,2,3,4,5,,0.9999999999999999,1.4042654220543672e-24,False,['M5']
189,493_HC.png,AI,1,2,3,4,5,,0.9999999999999999,1.4042654220543672e-24,False,['M5']
190,473_HC.png,AI,1,2,3,4,5,,0.9999999999999999,1.4042654220543672e-24,False,['M5']
191,510_HC.png,AI,1,2,3,4,5,,0.9999999999999999,1.4042654220543672e-24,False,['M5']
192,512_HC.png,AI,1,2,3,4,5,,0.9999999999999999,1.4042654220543672e-24,False,['M5']
193,193_2HC.png,AI,1,2,3,4,5,,0.9999999999999999,1.4042654220543672e-24,False,['M5']
194,001_HC.png,AI,1,2,3,4,5,,0.9999999999999999,1.4042654220543672e-24,False,['M5']
195,208_HC.png,AI,1,2,3,4,5,,0.9999999999999999,1.4042654220543672e-24,False,['M5']
196,178_HC.png,AI,1,2,3,4,5,,0.9999999999999999,1.4042654220543672e-24,False,['M5']
197,032_HC.png,AI,1,2,3,4,5,,0.9999999999999999,1.4042654220543672e-24,False,['M5']
198,026_2HC.png,AI,1,2,3,4,5,,0.9999999999999999,1.4042654220543672e-24,False,['M5']
199,160_HC.png,AI,1,2,3,4,5,,0.9999999999999999,1.4042654220543672e-24,False,['M5']
200,350_HC.png,AI,1,2,3,4,5,,0.9999999999999999,1.4042654220543672e-24,False,['M5']
201,712_2HC.png,AI,1,2,3,4,5,,0.9999999999999999,1.4042654220543672e-24,False,['M5']
202,058_HC.png,AI,1,2,3,4,5,,0.9999999999999999,1.4042654220543672e-24,False,['M5']
203,072_HC.png,AI,1,2,3,4,5,,0.9999999999999999,1.4042654220543672e-24,False,['M5']
204,719_HC.png,AI,1,2,3,4,5,,0.9999999999999999,1.4042654220543672e-24,False,['M5']
205,352_2HC.png,AI,1,2,3,4,5,,0.9999999999999999,1.4042654220543672e-24,False,['M5']
206,375_HC.png,AI,1,2,3,4,5,,0.9999999999999999,1.4042654220543672e-24,False,['M5']
207,057_HC.png,AI,1,2,3,4,5,,0.9999999999999999,1.4042654220543672e-24,False,['M5']
208,035_HC.png,AI,1,2,3,4,5,,0.9999999999999999,1.4042654220543672e-24,False,['M5']
209,357_HC.png,AI,1,2,3,4,5,,0.9999999999999999,1.4042654220543672e-24,False,['M5']
